{
  "alpha": 0.24295051163833517,
  "b": 0.11602270896908976,
  "rho": -0.04082130125508498
}